{
  "FRCorr": 0.5371217024832626,
  "FRCorr*": 0.5371217024832626,
  "FRdist": 98.29666316133714,
  "FRDiv": 0.0283116629407953,
  "FRDiv(%)": 2.83116629407953,
  "FRDvs": 0.15426164393410902,
  "FRDvs(%)": 15.426164393410902,
  "FRVar": 0.04292375594377518,
  "FRVar(%)": 4.292375594377518,
  "FRSyn": 32.35782688766114,
  "score_breakdown": {
    "S1_FRCorr": 10,
    "S2_FRdist": 9.265,
    "S3_FRDiv": 8.327,
    "S4_FRDvs": 10,
    "S5_FRVar": 10,
    "S6_FRRea": 10.58,
    "S7_FRSyn": 10,
    "S8_FRCorr*": 25,
    "S_total": 93.171
  }
}