{
  "FRDiv": 0.0283116629407953,
  "FRDiv(table)": 2.83116629407953,
  "FRDvs": 0.15426164393410902,
  "FRDvs(table)": 15.426164393410902,
  "FRVar": 0.04292375594377518,
  "FRVar(table)": 4.292375594377518
}